NO,기업명,기업코드,ESG등급,지배구조,사회,환경,평가년도,비고
924, AJ네트웍스,095570,B,B,B,C이하,2019,
923, AJ렌터카,068400,C이하,C,B,B,2019,
922, AK홀딩스,006840,B,B,B,C이하,2019,
921, AP시스템,265520,C이하,B,C이하,C이하,2019,
920, BGF,027410,B,B,A,C이하,2019,
919, BGF리테일,282330,B,B+,B+,C이하,2019,
918, BNK금융지주,138930,A+,A+,A+,B+,2019,금융회사
917, BYC,001460,B,B+,B+,C이하,2019,
916, CJ,001040,A,A,A+,B,2019,
915, CJ CGV,079160,B+,A,B+,B,2019,
914, CJ ENM,035760,B,B+,B+,C이하,2019,
913, CJ대한통운,000120,B+,B+,B+,A,2019,
912, CJ씨푸드,011150,C이하,B+,C이하,C이하,2019,
911, CJ제일제당,097950,A,A,A+,A,2019,
910, CJ프레시웨이,051500,A,A,A,B,2019,
909, CJ헬로,037560,B+,B+,B+,C이하,2019,
908, CMG제약,058820,C이하,C,C이하,C이하,2019,
907, CS홀딩스,000590,C이하,B,C이하,C이하,2019,
906, DB,012030,B,B,B,C이하,2019,
905, DB금융투자,016610,B,B,B+,C이하,2019,금융회사
904, DB생명보험,818158,,B,,,2019,금융회사
903, DB손해보험,005830,B+,B+,A,A,2019,금융회사
902, DB하이텍,000990,B+,B+,A,B+,2019,
901, DGB금융지주,139130,B+,B+,A,A,2019,금융회사
900, DGB생명보험,813363,,B+,,,2019,금융회사
899, DRB동일,004840,B,B+,B,B,2019,
898, DSR,155660,C이하,C,B,B,2019,
897, DSR제강,069730,C이하,C,B,C이하,2019,
896, E1,017940,B,B,B+,C이하,2019,
895, F&F,007700,C이하,B,C이하,C이하,2019,
894, GKL,114090,B,B,B+,C이하,2019,
893, GS,078930,B,B+,B+,C이하,2019,
892, GS건설,006360,A,A,A,B+,2019,
891, GS글로벌,001250,B,B+,B+,C이하,2019,
890, GS리테일,007070,B,B,A,C이하,2019,
889, GS홈쇼핑,028150,B+,A,A,C이하,2019,
888, HDC,012630,B,B+,B+,C이하,2019,
887, HDC아이콘트롤스,039570,C이하,B,B,C이하,2019,
886, HDC현대EP,089470,B,B,B,B,2019,
885, HSD엔진,082740,A,A,A+,B+,2019,
884, JB금융지주,175330,A,A,A,B+,2019,금융회사
883, JW생명과학,234080,B+,B+,B+,B+,2019,
882, JW중외제약,001060,B+,B+,A,B,2019,
881, JW홀딩스,096760,B,B,B+,C이하,2019,
880, JYP Ent.,035900,C이하,B,C이하,C이하,2019,
879, KB국민카드,861717,,A,,,2019,금융회사
878, KB금융,105560,A+,A+,A,A+,2019,금융회사
877, KB생명보험,805087,,B+,,,2019,금융회사
876, KB손해보험,002550,,A,,,2019,금융회사
875, KB증권,003450,,B+,,,2019,금융회사
874, KB캐피탈,825121,,A,,,2019,금융회사
873, KCC건설,021320,C이하,B,B,C이하,2019,
872, KC그린홀딩스,009440,B,B,B,B,2019,
871, KC코트렐,119650,B,B,C이하,B,2019,
870, KEC,092220,B,B,C이하,B,2019,
869, KG이니시스,035600,C이하,D,B,C이하,2019,
868, KG케미칼,001390,C이하,C,C이하,C이하,2019,
867, KISCO홀딩스,001940,B,B,C이하,B,2019,
866, KPX케미칼,025000,B,B,C이하,B,2019,
865, KPX홀딩스,092230,C이하,B,C이하,C이하,2019,
864, KR모터스,000040,C이하,C,B,C이하,2019,
863, KSS해운,044450,B+,B+,B+,B,2019,
862, KTB투자증권,030210,C이하,C이하,B,C이하,2019,금융회사
861, KTH,036030,B,B+,B,C이하,2019,
860, KTcs,058850,B,B+,B+,C이하,2019,
859, KTis,058860,B,B+,B+,C이하,2019,
858, KT서브마린,060370,B,B+,B,C이하,2019,
857, LF,093050,B,B+,B,C이하,2019,
856, LG,003550,B+,B+,A,B,2019,
855, LG디스플레이,034220,B+,B,A,B+,2019,
854, LG상사,001120,B+,B+,A,C이하,2019,
853, LG생활건강,051900,A,B+,A+,A,2019,
852, LG유플러스,032640,B+,B+,A,B+,2019,
851, LG이노텍,011070,B+,B+,A,B+,2019,
850, LG전자,066570,B+,B,A,A,2019,
849, LG하우시스,108670,A,B+,A,A,2019,
848, LG화학,051910,B+,B+,A+,C이하,2019,
847, LIG넥스원,079550,B+,B+,A,B+,2019,
846, LS,006260,B+,B,A,B,2019,
845, LS네트웍스,000680,B,B,B,C이하,2019,
844, LS산전,010120,A,A,A,A,2019,
843, LS전선아시아,229640,B,B+,C이하,C이하,2019,
842, MH에탄올,023150,B,B,B,C이하,2019,
841, NAVER,035420,B+,B+,A,B,2019,
840, NH농협손해보험,839719,,A,,,2019,금융회사
839, NH투자증권,005940,B+,B+,A,C이하,2019,금융회사
838, NICE,034310,B,B+,B,C이하,2019,
837, NICE평가정보,030190,B,B,B,C이하,2019,
836, NI스틸,008260,C이하,C,C이하,C이하,2019,
835, OCI,010060,A,A,A+,B,2019,
834, S&TC,100840,B,B,B+,B,2019,
833, S&T모티브,064960,B,B+,B,B,2019,
832, S&T중공업,003570,B,B,B,B+,2019,
831, S&T홀딩스,036530,B,B,B,C이하,2019,
830, S-Oil,010950,A,A+,A+,B+,2019,
829, SBS,034120,B,B+,B,C이하,2019,
828, SBS미디어홀딩스,101060,B,B,B,C이하,2019,
827, SBS콘텐츠허브,046140,C이하,B,C이하,C이하,2019,
826, SG세계물산,004060,C이하,C,B,C이하,2019,
825, SG충방,001380,C이하,D,C이하,C이하,2019,
824, SH에너지화학,002360,C이하,B+,C이하,C이하,2019,
823, SIMPAC,009160,C이하,C,C이하,C이하,2019,
822, SK,034730,A,A,A,A,2019,
821, SKC,011790,A,A,A,B+,2019,
820, SKC 솔믹스,057500,B+,B+,B,B+,2019,
819, SKC코오롱PI,178920,B,B+,C이하,B,2019,
818, SK가스,018670,B+,A,B+,B,2019,
817, SK네트웍스,001740,A+,A+,A+,B+,2019,
816, SK디스커버리,006120,B+,A,B+,C이하,2019,
815, SK디앤디,210980,B,B+,B,C이하,2019,
814, SK머티리얼즈,036490,B,B+,B,B,2019,
813, SK바이오랜드,052260,B,B+,B,C이하,2019,
812, SK이노베이션,096770,A,A,A+,A,2019,
811, SK증권,001510,B,B+,B+,C이하,2019,금융회사
810, SK텔레콤,017670,A,A+,A,B+,2019,
809, SK하이닉스,000660,A,B+,A+,B+,2019,
808, SPC삼립,005610,B+,B+,A,B,2019,
807, STX,011810,B,B,B,C이하,2019,
806, STX엔진,077970,B,B,B,B+,2019,
805, TCC스틸,002710,C이하,C,B,C이하,2019,
804, WISCOM,024070,C이하,B,C이하,C이하,2019,
803, YG PLUS,037270,C이하,B,C이하,C이하,2019,
802, 가온전선,000500,B,B+,C이하,B,2019,
801, 강남제비스코,000860,C이하,B,C이하,C이하,2019,
800, 강원랜드,035250,B+,B,A,B+,2019,
799, 갤럭시아에스엠,011420,C이하,C,C이하,C이하,2019,
798, 갤럭시아컴즈,094480,C이하,B,C이하,C이하,2019,
797, 게임빌,063080,B,B,B,C이하,2019,
796, 경남은행,192520,,B+,,,2019,금융회사
795, 경농,002100,C이하,C,B+,B,2019,
794, 경동나비엔,009450,B+,B,A,B,2019,
793, 경동도시가스,267290,B+,B+,A,B,2019,
792, 경동인베스트,012320,C이하,C,B+,C이하,2019,
791, 경방,000050,C이하,B,B,C이하,2019,
790, 경보제약,214390,B,B,B,B,2019,
789, 경인양행,012610,B,B,C이하,B,2019,
788, 경인전자,009140,C이하,B,C이하,C이하,2019,
787, 계룡건설산업,013580,B+,B+,B+,B,2019,
786, 계양전기,012200,B,B,B+,B,2019,
785, 고려개발,004200,B,B,B+,C이하,2019,
784, 고려산업,002140,C이하,C,C이하,C이하,2019,
783, 고려아연,010130,B,B,B,B,2019,
782, 고려제강,002240,C이하,D,B,B+,2019,
781, 고영,098460,C이하,C,B,B,2019,
780, 광동제약,009290,B,B+,B,C이하,2019,
779, 광명전기,017040,C이하,D,B,C이하,2019,
778, 광전자,017900,B,B,B,B,2019,
777, 광주신세계,037710,B,B+,B,C이하,2019,
776, 광주은행,192530,,B+,,,2019,금융회사
775, 교보생명보험,811097,,B+,,,2019,금융회사
774, 교보증권,030610,B,B,B+,C이하,2019,금융회사
773, 국도화학,007690,C이하,C,C이하,B+,2019,
772, 국동,005320,C이하,B,C이하,C이하,2019,
771, 국민은행,060000,,B+,,,2019,금융회사
770, 국보,001140,C이하,C,C이하,B,2019,
769, 국제약품,002720,B,B+,B,C이하,2019,
768, 그린케미칼,083420,B,B,C이하,B,2019,
767, 극동유화,014530,B,B,C이하,B,2019,
766, 금강공업,014280,C이하,C,B,C이하,2019,
765, 금비,008870,C이하,C,B,C이하,2019,
764, 금양,001570,C이하,B,C이하,C이하,2019,
763, 금호산업,002990,B,B,B,B,2019,
762, 금호석유화학,011780,B+,B+,B+,B+,2019,
761, 금호에이치티,214330,C이하,C,C이하,C이하,2019,
760, 금호전기,001210,C이하,C,B+,B,2019,
759, 금호타이어,073240,B+,B+,B+,B,2019,
758, 기신정기,092440,C이하,B,C이하,C이하,2019,
757, 기아자동차,000270,B+,B,A,A,2019,
756, 기업은행,024110,B+,B+,A,B,2019,금융회사
755, 까뮤이앤씨,013700,C이하,B+,C이하,C이하,2019,
754, 깨끗한나라,004540,B,B,B+,B,2019,
753, 나노메딕스,074610,C이하,C,C이하,B,2019,
752, 나노스,151910,C이하,C,C이하,C이하,2019,
751, 나노엔텍,039860,C이하,B,C이하,C이하,2019,
750, 나스미디어,089600,B,B+,B,C이하,2019,
749, 남광토건,001260,B,B,B,B,2019,
748, 남선알미늄,008350,C이하,C,B+,B,2019,
747, 남성,004270,C이하,B,C이하,C이하,2019,
746, 남양유업,003920,B,B,B+,C이하,2019,
745, 남영비비안,002070,C이하,B,B,C이하,2019,
744, 남해화학,025860,B+,B+,B+,B,2019,
743, 네이처셀,007390,C이하,D,C이하,C이하,2019,
742, 넥센,005720,B,B,B,B,2019,
741, 넥센타이어,002350,B,B,B,B+,2019,
740, 넥스트사이언스,003580,C이하,C,C이하,C이하,2019,
739, 넥슨지티,041140,C이하,C,B+,C이하,2019,
738, 넷마블,251270,B,B,B+,C이하,2019,
737, 노루페인트,090350,C이하,B,B,C이하,2019,
736, 노루홀딩스,000320,C이하,C,B,C이하,2019,
735, 녹십자,006280,B+,B,A,B,2019,
734, 녹십자랩셀,144510,C이하,B,B,C이하,2019,
733, 녹십자셀,031390,C이하,C,B,C이하,2019,
732, 녹십자홀딩스,005250,B+,B+,A,C이하,2019,
731, 농심,004370,C이하,D,B+,B+,2019,
730, 농심홀딩스,072710,B,B,B+,B,2019,
729, 농우바이오,054050,C이하,B,C이하,C이하,2019,
728, 농협금융지주,839683,,A,,,2019,금융회사
727, 농협생명보험,839723,,A,,,2019,금융회사
726, 다스코,058730,B,B+,C이하,C이하,2019,
725, 다우기술,023590,C이하,C,B+,C이하,2019,
724, 대교,019680,B+,A,B+,C이하,2019,
723, 대구백화점,006370,B,B+,B,C이하,2019,
722, 대구은행,005270,,B+,,,2019,금융회사
721, 대덕전자,008060,B,B,B+,B,2019,
720, 대동공업,000490,B,B,B,B,2019,
719, 대동전자,008110,C이하,C,C이하,B,2019,
718, 대림비앤코,005750,C이하,B,B,C이하,2019,
717, 대림산업,000210,B,B,C이하,B,2019,
716, 대림씨엔에스,004440,B+,B+,B+,B,2019,
715, 대림통상,006570,C이하,C,B,B,2019,
714, 대상,001680,B,B,B+,B,2019,
713, 대상홀딩스,084690,B+,B+,B+,C이하,2019,
712, 대성산업,128820,C이하,B,C이하,C이하,2019,
711, 대성에너지,117580,B,B,B,B,2019,
710, 대성홀딩스,016710,B,B,B+,C이하,2019,
709, 대신증권,003540,B,B+,B,C이하,2019,금융회사
708, 대양금속,009190,B,B,C이하,B,2019,
707, 대영포장,014160,C이하,D,C이하,B,2019,
706, 대우건설,047040,B+,B+,A,B+,2019,
705, 대우부품,009320,C이하,B,C이하,C이하,2019,
704, 대우조선해양,042660,B,B+,C이하,B+,2019,
703, 대웅,003090,C이하,C,B+,C이하,2019,
702, 대웅제약,069620,B,B,B+,B,2019,
701, 대원강업,000430,B+,B+,B+,B,2019,
700, 대원전선,006340,C이하,C,C이하,B,2019,
699, 대원제약,003220,B,B+,B+,C이하,2019,
698, 대원화성,024890,C이하,C,B,B,2019,
697, 대유에이텍,002880,C이하,C,B,B,2019,
696, 대유플러스,000300,C이하,C,C이하,C이하,2019,
695, 대창,012800,C이하,C,C이하,B,2019,
694, 대창단조,015230,B,B,C이하,B,2019,
693, 대한방직,001070,C이하,B+,C이하,C이하,2019,
692, 대한유화,006650,C이하,C,B+,B,2019,
691, 대한전선,001440,B,B,C이하,B,2019,
690, 대한제강,084010,B,B+,C이하,B+,2019,
689, 대한제당,001790,C이하,B,C이하,C이하,2019,
688, 대한제분,001130,B,B,B,C이하,2019,
687, 대한항공,003490,B+,B,A,B+,2019,
686, 대한해운,005880,C이하,C,B+,C이하,2019,
685, 대한화섬,003830,B,B,B+,B,2019,
684, 대현,016090,C이하,B+,C이하,C이하,2019,
683, 대호에이엘,069460,C이하,D,C이하,B,2019,
682, 대화제약,067080,C이하,B,B,C이하,2019,
681, 더블유게임즈,192080,B,B+,C이하,C이하,2019,
680, 더존비즈온,012510,C이하,C,B,C이하,2019,
679, 덕산네오룩스,213420,C이하,C,B,C이하,2019,
678, 덕성,004830,B,B,C이하,B,2019,
677, 덕양산업,024900,B,B,B,B,2019,
676, 덴티움,145720,C이하,B+,C이하,C이하,2019,
675, 도화엔지니어링,002150,B,B+,C이하,B,2019,
674, 동국제강,001230,B,B,B,B,2019,
673, 동국제약,086450,C이하,C,C이하,C이하,2019,
672, 동남합성,023450,C이하,B,C이하,C이하,2019,
671, 동방,004140,C이하,C,C이하,B,2019,
670, 동방아그로,007590,C이하,B,C이하,C이하,2019,
669, 동부건설,005960,C이하,B,B,C이하,2019,
668, 동부제철,016380,C이하,D,B,B,2019,
667, 동서,026960,C이하,C,B,C이하,2019,
666, 동성제약,002210,C이하,C,C이하,C이하,2019,
665, 동성코퍼레이션,102260,B+,B+,B+,B,2019,
664, 동성화학,005190,B,B,B+,B,2019,
663, 동아쏘시오홀딩스,000640,B+,A,B+,C이하,2019,
662, 동아에스티,170900,B+,B+,A,B,2019,
661, 동아지질,028100,C이하,B,B,C이하,2019,
660, 동아타이어,282690,C이하,B,C이하,C이하,2019,
659, 동양,001520,C이하,C,C이하,C이하,2019,
658, 동양고속,084670,B,B+,B,C이하,2019,
657, 동양네트웍스,030790,C이하,B,C이하,C이하,2019,
656, 동양물산기업,002900,C이하,C,B+,B,2019,
655, 동양생명,082640,B,B,B+,C이하,2019,금융회사
654, 동양철관,008970,C이하,C,C이하,C이하,2019,
653, 동양피스톤,092780,B,B+,B,B,2019,
652, 동원F&B,049770,B,B,B,C이하,2019,
651, 동원금속,018500,B,B,B,B,2019,
650, 동원산업,006040,B,B,B+,C이하,2019,
649, 동원수산,030720,C이하,B,B,C이하,2019,
648, 동원시스템즈,014820,C이하,C,B+,B,2019,
647, 동일고무벨트,163560,B,B,B,B,2019,
646, 동일산업,004890,B,B+,C이하,B+,2019,
645, 동일제강,002690,C이하,B,C이하,C이하,2019,
644, 동진쎄미켐,005290,C이하,D,B,C이하,2019,
643, 동화기업,025900,C이하,C,B+,B,2019,
642, 동화약품,000020,C이하,C,B+,C이하,2019,
641, 두산,000150,A,A,A+,A,2019,
640, 두산건설,011160,B+,B+,A,B+,2019,
639, 두산밥캣,241560,B,A,B,C이하,2019,
638, 두산인프라코어,042670,A,B+,A,A,2019,
637, 두산중공업,034020,A,A,A+,A,2019,
636, 두올,016740,B,B+,B,C이하,2019,
635, 드림어스컴퍼니,060570,C이하,B,B,C이하,2019,
634, 디씨엠,024090,C이하,B,C이하,C이하,2019,
633, 디아이,003160,C이하,C,C이하,B,2019,
632, 디아이동일,001530,C이하,B,C이하,C이하,2019,
631, 디아이씨,092200,C이하,B,C이하,C이하,2019,
630, 디오,039840,C이하,C,B,C이하,2019,
629, 디와이,013570,C이하,B+,C이하,C이하,2019,
628, 디와이파워,210540,C이하,B,C이하,C이하,2019,
627, 디티알오토모티브,007340,C이하,B,C이하,B,2019,
626, 디피씨,026890,B,B+,B,C이하,2019,
625, 락앤락,115390,B,B,B+,B,2019,
624, 레고켐바이오,141080,C이하,B,C이하,C이하,2019,
623, 롯데관광개발,032350,C이하,D,B,C이하,2019,
622, 롯데손해보험,000400,B+,B+,A,C이하,2019,금융회사
621, 롯데쇼핑,023530,A,A,A,A,2019,
620, 롯데정밀화학,004000,A,A,A+,B+,2019,
619, 롯데제과,280360,A,B+,A,A,2019,
618, 롯데지주,004990,B+,B+,A,B,2019,
617, 롯데칠성음료,005300,B+,B,A,B+,2019,
616, 롯데카드,854231,,B+,,,2019,금융회사
615, 롯데캐피탈,855981,,B+,,,2019,금융회사
614, 롯데케미칼,011170,B,B+,A,C이하,2019,
613, 롯데푸드,002270,B+,B+,A,B+,2019,
612, 롯데하이마트,071840,A,B+,A+,B+,2019,
611, 리노공업,058470,B,B,B,B,2019,
610, 마니커,027740,C이하,C,B,C이하,2019,
609, 만도,204320,B+,B+,A,B+,2019,
608, 만호제강,001080,B,B+,B,C이하,2019,
607, 매일유업,267980,B+,B+,B+,B+,2019,
606, 멀티캠퍼스,067280,B,B,B,C이하,2019,
605, 메디톡스,086900,C이하,B,C이하,C이하,2019,
604, 메디파트너생명공학,015540,C이하,C,C이하,C이하,2019,
603, 메디포스트,078160,B,B,B,C이하,2019,
602, 메리츠금융지주,138040,B+,A,B+,C이하,2019,금융회사
601, 메리츠종금증권,008560,B+,A,B+,C이하,2019,금융회사
600, 메리츠화재,000060,B,B+,B+,C이하,2019,금융회사
599, 메이슨캐피탈,021880,C이하,C이하,C이하,C이하,2019,금융회사
598, 메타랩스,090370,C이하,B,C이하,C이하,2019,
597, 메트라이프생명보험,832969,,B,,,2019,금융회사
596, 명문제약,017180,B,B,B,C이하,2019,
595, 모나리자,012690,B,B,B,B,2019,
594, 모나미,005360,C이하,C,C이하,C이하,2019,
593, 모두투어,080160,B,B+,B,C이하,2019,
592, 모토닉,009680,B,B+,B,C이하,2019,
591, 무림P&P,009580,B+,B,B+,B+,2019,
590, 무림페이퍼,009200,B+,B,B+,B+,2019,
589, 무학,033920,C이하,C,C이하,B,2019,
588, 문배철강,008420,C이하,B,C이하,C이하,2019,
587, 미래산업,025560,B,B,B,B,2019,
586, 미래아이앤지,007120,C이하,B,C이하,C이하,2019,
585, 미래에셋대우,006800,B+,B+,A,B+,2019,금융회사
584, 미래에셋생명,085620,B,B,B+,C이하,2019,금융회사
583, 미래컴퍼니,049950,B,B+,B,C이하,2019,
582, 미원상사,002840,C이하,B,C이하,C이하,2019,
581, 미원에스씨,268280,C이하,B,C이하,C이하,2019,
580, 미원홀딩스,107590,C이하,B,C이하,C이하,2019,
579, 미원화학,134380,C이하,C,B,C이하,2019,
578, 미창석유공업,003650,C이하,B+,C이하,C이하,2019,
577, 바텍,043150,C이하,C,C이하,C이하,2019,
576, 방림,003610,B,B,C이하,B,2019,
575, 백광산업,001340,C이하,C,C이하,B,2019,
574, 백광소재,014580,C이하,B,C이하,C이하,2019,
573, 백산,035150,C이하,C,B,B,2019,
572, 범양건영,002410,C이하,C,C이하,C이하,2019,
571, 벽산,007210,B,B,B,B,2019,
570, 보락,002760,C이하,C,C이하,C이하,2019,
569, 보령제약,003850,B,B,B,C이하,2019,
568, 보해양조,000890,B,B,B,B,2019,
567, 부광약품,003000,B,B+,C이하,C이하,2019,
566, 부국증권,001270,C이하,C이하,B,C이하,2019,금융회사
565, 부국철강,026940,C이하,B,C이하,C이하,2019,
564, 부산도시가스,015350,B,B,B+,C이하,2019,
563, 부산산업,011390,C이하,C,C이하,C이하,2019,
562, 부산은행,005280,,A,,,2019,금융회사
561, 부산주공,005030,C이하,C,C이하,B,2019,
560, 비상교육,100220,B,B+,B+,C이하,2019,
559, 비에이치,090460,C이하,B,B,C이하,2019,
558, 비티원,101140,B,B,B,C이하,2019,
557, 빙그레,005180,A,A,A,B+,2019,
556, 사조대림,003960,C이하,C,B,C이하,2019,
555, 사조동아원,008040,C이하,B,B,C이하,2019,
554, 사조산업,007160,C이하,D,B,C이하,2019,
553, 사조씨푸드,014710,C이하,C,C이하,C이하,2019,
552, 사조오양,006090,C이하,C,B,C이하,2019,
551, 삼광글라스,005090,C이하,B,C이하,C이하,2019,
550, 삼부토건,001470,C이하,B,B,C이하,2019,
549, 삼성SDI,006400,A,B+,A+,B+,2019,
548, 삼성공조,006660,C이하,B,C이하,C이하,2019,
547, 삼성물산,028260,A,A,A,A+,2019,
546, 삼성바이오로직스,207940,B+,B+,A,C이하,2019,
545, 삼성생명,032830,B+,B+,A,A,2019,금융회사
544, 삼성에스디에스,018260,B+,B+,A,B+,2019,
543, 삼성엔지니어링,028050,A,A,A+,A,2019,
542, 삼성전기,009150,A,A,A+,A,2019,
541, 삼성전자,005930,B+,B,B+,B+,2019,
540, 삼성제약,001360,C이하,D,C이하,B,2019,
539, 삼성중공업,010140,B+,B+,A,B+,2019,
538, 삼성증권,016360,B+,B,A,B,2019,금융회사
537, 삼성출판사,068290,C이하,C,C이하,C이하,2019,
536, 삼성카드,029780,B,B+,B+,C이하,2019,금융회사
535, 삼성화재해상보험,000810,A,A,A+,A+,2019,금융회사
534, 삼아알미늄,006110,B,B,C이하,B+,2019,
533, 삼양사,145990,B+,B,B+,B+,2019,
532, 삼양식품,003230,C이하,D,B,C이하,2019,
531, 삼양통상,002170,B,B,C이하,B,2019,
530, 삼양패키징,272550,B+,B+,B+,B,2019,
529, 삼양홀딩스,000070,C이하,D,B+,B,2019,
528, 삼영무역,002810,C이하,C,C이하,C이하,2019,
527, 삼영전자공업,005680,B,B,B+,B,2019,
526, 삼영화학공업,003720,B,B,C이하,B,2019,
525, 삼원강재,023000,B,B,C이하,B,2019,
524, 삼익THK,004380,C이하,C,B,B,2019,
523, 삼익악기,002450,C이하,C,C이하,C이하,2019,
522, 삼일제약,000520,C이하,B,C이하,C이하,2019,
521, 삼정펄프,009770,C이하,C,B,C이하,2019,
520, 삼진제약,005500,B,B,B+,C이하,2019,
519, 삼천당제약,000250,C이하,C,B,C이하,2019,
518, 삼천리,004690,B+,B+,A,B,2019,
517, 삼호,001880,B+,B+,B+,B,2019,
516, 삼호개발,010960,C이하,B,C이하,C이하,2019,
515, 삼화왕관,004450,B,B,C이하,B+,2019,
514, 삼화전기,009470,C이하,B,C이하,C이하,2019,
513, 삼화전자공업,011230,C이하,B,B,C이하,2019,
512, 삼화콘덴서공업,001820,B,B,B,B,2019,
511, 삼화페인트공업,000390,B+,B+,B+,B,2019,
510, 상상인,038540,C이하,C,C이하,C이하,2019,
509, 상상인증권,001290,C이하,C이하,B,C이하,2019,금융회사
508, 상신브레이크,041650,B,B,B,B,2019,
507, 새론오토모티브,075180,C이하,C,C이하,B,2019,
506, 샘표,007540,C이하,C,B+,B,2019,
505, 샘표식품,248170,B+,B,B+,B+,2019,
504, 서부T&D,006730,C이하,C,C이하,C이하,2019,
503, 서연,007860,B+,B+,B+,C이하,2019,
502, 서연이화,200880,B+,B+,B+,B,2019,
501, 서울도시가스,017390,B,B,B+,C이하,2019,
500, 서울반도체,046890,B,B,B,B+,2019,
499, 서울보증보험,813002,,B,,,2019,금융회사
498, 서울식품공업,004410,C이하,C,B,B,2019,
497, 서원,021050,B,B,C이하,B,2019,
496, 서흥,008490,C이하,C,C이하,C이하,2019,
495, 선도전기,007610,C이하,C,B,B,2019,
494, 선진,136490,B,B+,B,C이하,2019,
493, 선창산업,002820,B,B,B+,B,2019,
492, 성문전자,014910,C이하,C,C이하,C이하,2019,
491, 성보화학,003080,C이하,B,B,C이하,2019,
490, 성신양회,004980,B,B,C이하,B,2019,
489, 성안,011300,C이하,C,C이하,C이하,2019,
488, 성창기업지주,000180,C이하,C,C이하,C이하,2019,
487, 세기상사,002420,B,B,B,C이하,2019,
486, 세방,004360,C이하,C,B,B,2019,
485, 세방전지,004490,B,B,B,B+,2019,
484, 세아베스틸,001430,C이하,C,B,B,2019,
483, 세아제강지주,003030,B,B,B,C이하,2019,
482, 세아특수강,019440,B,B,C이하,B,2019,
481, 세아홀딩스,058650,B,B,B,C이하,2019,
480, 세우글로벌,013000,C이하,C,C이하,B,2019,
479, 세원셀론텍,091090,C이하,C,C이하,B,2019,
478, 세원정공,021820,C이하,D,C이하,C이하,2019,
477, 세이브존I&C,067830,C이하,C,C이하,C이하,2019,
476, 세종공업,033530,C이하,D,B,B,2019,
475, 세진중공업,075580,B,B+,B,C이하,2019,
474, 세하,027970,B,B,B,B+,2019,
473, 세화아이엠씨,145210,C이하,C,C이하,C이하,2019,
472, 셀트리온,068270,B+,B+,B,B,2019,
471, 셀트리온제약,068760,C이하,B,C이하,C이하,2019,
470, 셀트리온헬스케어,091990,B,B+,B,C이하,2019,
469, 솔브레인,036830,B,B,B,B,2019,
468, 송원산업,004430,C이하,C,B+,B,2019,
467, 수산중공업,017550,B,B,B,B,2019,
466, 스튜디오드래곤,253450,B,B+,C이하,C이하,2019,
465, 시그네틱스,033170,C이하,C,B,B+,2019,
464, 시디즈,134790,C이하,C,C이하,C이하,2019,
463, 신대양제지,016590,C이하,C,B,C이하,2019,
462, 신도리코,029530,B+,B+,B+,B,2019,
461, 신라교역,004970,C이하,C,B,C이하,2019,
460, 신라젠,215600,C이하,B+,C이하,C이하,2019,
459, 신성이엔지,011930,B,B,B,B,2019,
458, 신성통상,005390,C이하,C,C이하,C이하,2019,
457, 신세계,004170,B+,B+,A,B+,2019,
456, 신세계I&C,035510,B+,B+,B+,B,2019,
455, 신세계건설,034300,B,B+,B,C이하,2019,
454, 신세계인터내셔날,031430,B+,B+,A,B,2019,
453, 신세계푸드,031440,B+,B+,B+,B,2019,
452, 신송홀딩스,006880,B,B,B,C이하,2019,
451, 신영와코루,005800,C이하,C,B,C이하,2019,
450, 신영증권,001720,B,B+,B,C이하,2019,금융회사
449, 신원,009270,C이하,D,C이하,C이하,2019,
448, 신일산업,002700,C이하,B,B,C이하,2019,
447, 신풍제약,019170,B,B+,B,C이하,2019,
446, 신풍제지,002870,B+,B+,B,B+,2019,
445, 신한,005450,C이하,D,C이하,C이하,2019,
444, 신한금융투자,008670,,B,,,2019,금융회사
443, 신한생명보험,828992,,B+,,,2019,금융회사
442, 신한은행,000010,,B+,,,2019,금융회사
441, 신한지주,055550,A+,A+,B+,A+,2019,금융회사
440, 신한카드,032710,,A,,,2019,금융회사
439, 신한캐피탈,811323,,B+,,,2019,금융회사
438, 신화실업,001770,C이하,D,C이하,C이하,2019,
437, 신화인터텍,056700,C이하,C,B,B,2019,
436, 신흥,004080,B,B,B,C이하,2019,
435, 실리콘웍스,108320,B,B+,B+,C이하,2019,
434, 쌍방울,102280,C이하,C,B,C이하,2019,
433, 쌍용양회공업,003410,B+,B+,B+,B+,2019,
432, 쌍용자동차,003620,B,B,B,B+,2019,
431, 써니전자,004770,C이하,B,B,C이하,2019,
430, 씨아이테크,004920,C이하,C,C이하,C이하,2019,
429, 씨에스윈드,112610,B,B+,C이하,B,2019,
428, 씨젠,096530,C이하,C,C이하,C이하,2019,
427, 씨티은행,016830,,A,,,2019,금융회사
426, 아남전자,008700,C이하,C,C이하,C이하,2019,
425, 아모레퍼시픽,090430,A,B+,A+,A,2019,
424, 아모레퍼시픽그룹,002790,A,B+,A+,A,2019,
423, 아미코젠,092040,C이하,C,B,C이하,2019,
422, 아세아,002030,C이하,C,B,B,2019,
421, 아세아시멘트,183190,B,C,A,A,2019,
420, 아세아제지,002310,B,B,C이하,B,2019,
419, 아시아나항공,020560,B,C,B+,B+,2019,
418, 아이마켓코리아,122900,B,B+,B+,C이하,2019,
417, 아이비케이연금보험,829322,,B,,,2019,금융회사
416, 아이에스동서,010780,C이하,B,C이하,B,2019,
415, 아이에이치큐,003560,B,B+,C이하,C이하,2019,
414, 아주캐피탈,033660,B,B+,B+,C이하,2019,금융회사
413, 아트라스BX,023890,B+,B+,B,B,2019,
412, 안랩,053800,B,B+,B+,C이하,2019,
411, 알루코,001780,C이하,B,B,C이하,2019,
410, 애경유화,161000,B,B,C이하,B+,2019,
409, 에넥스,011090,C이하,C,B+,B,2019,
408, 에버다임,041440,B+,B+,B+,B,2019,
407, 에스에프에이,056190,B+,B+,B,B,2019,
406, 에스엘,005850,C이하,C,B+,B,2019,
405, 에스엠,041510,C이하,C,B,C이하,2019,
404, 에스엠코어,007820,B,B,C이하,B,2019,
403, 에스원,012750,B+,B+,B+,B,2019,
402, 에스제이엠,123700,C이하,B,B,C이하,2019,
401, 에스제이엠홀딩스,025530,B,B+,B,C이하,2019,
400, 에스티팜,237690,B,B+,B,C이하,2019,
399, 에쓰씨엔지니어링,023960,C이하,C,C이하,B,2019,
398, 에이블씨엔씨,078520,C이하,C,C이하,C이하,2019,
397, 에이비엘생명보험,804337,,B,,,2019,금융회사
396, 에이아이에이생명보험,801688,,B,,,2019,금융회사
395, 에이엔피,015260,C이하,D,C이하,B,2019,
394, 에이치엘비,028300,C이하,C,C이하,C이하,2019,
393, 에이프로젠 KIC,007460,C이하,C,C이하,B,2019,
392, 에이프로젠제약,003060,C이하,D,C이하,C이하,2019,
391, 에코프로,086520,B,B,B+,C이하,2019,
390, 엔씨소프트,036570,B,B+,B,C이하,2019,
389, 엔에스쇼핑,138250,B,B+,B+,C이하,2019,
388, 엔에이치엔,181710,B,B+,B,C이하,2019,
387, 엔케이,085310,C이하,D,C이하,B,2019,
386, 엔케이물산,009810,C이하,C,C이하,C이하,2019,
385, 엔피씨,004250,C이하,C,C이하,C이하,2019,
384, 엘앤에프,066970,C이하,C,B+,B,2019,
383, 영보화학,014440,B,B,B,B,2019,
382, 영원무역,111770,C이하,B,C이하,C이하,2019,
381, 영원무역홀딩스,009970,C이하,B,C이하,C이하,2019,
380, 영진약품,003520,B,B,B,C이하,2019,
379, 영풍,000670,C이하,C,C이하,C이하,2019,
378, 영풍정밀,036560,B,B+,C이하,B,2019,
377, 영풍제지,006740,C이하,C,C이하,B,2019,
376, 영화금속,012280,C이하,B,C이하,C이하,2019,
375, 영흥철강,012160,C이하,B,B,C이하,2019,
374, 예스코홀딩스,015360,B,B+,B+,C이하,2019,
373, 오뚜기,007310,B+,B+,A,B+,2019,
372, 오렌지라이프,079440,B,B+,B+,C이하,2019,금융회사
371, 오리엔트바이오,002630,B,B,B,B,2019,
370, 오리온,271560,B+,B+,B,B,2019,
369, 오리온홀딩스,001800,B+,B+,B+,C이하,2019,
368, 오리콤,010470,B,B,B,C이하,2019,
367, 오스템임플란트,048260,B,B+,B,C이하,2019,
366, 와이지-원,019210,B,B+,B+,C이하,2019,
365, 와이지엔터테인먼트,122870,C이하,C,B,C이하,2019,
364, 용평리조트,070960,B,B,B,B,2019,
363, 우리들제약,004720,C이하,C,B,C이하,2019,
362, 우리들휴브레인,118000,C이하,C,B,C이하,2019,
361, 우리은행,000030,,C이하,,,2019,금융회사
360, 우리종금,010050,C이하,C이하,C이하,C이하,2019,금융회사
359, 우리카드,879070,,B+,,,2019,금융회사
358, 우성사료,006980,C이하,C,B,C이하,2019,
357, 우신시스템,017370,B,B,C이하,B,2019,
356, 우진,105840,B,B,B,B,2019,
355, 우진플라임,049800,B,B,B,B,2019,
354, 웅진,016880,C이하,C,B,C이하,2019,
353, 웅진씽크빅,095720,B,B+,B,C이하,2019,
352, 웅진코웨이,021240,A,B+,A,A+,2019,
351, 원림,005820,C이하,B,C이하,C이하,2019,
350, 원익IPS,240810,C이하,C,B+,C이하,2019,
349, 원익홀딩스,030530,C이하,C,B+,C이하,2019,
348, 웰바이오텍,010600,C이하,C,C이하,C이하,2019,
347, 웹젠,069080,C이하,C,B,C이하,2019,
346, 위메이드,112040,B,B,B,C이하,2019,
345, 윌비스,008600,C이하,C,C이하,C이하,2019,
344, 유나이티드,033270,B+,B,A,B,2019,
343, 유니드,014830,B,B,C이하,B,2019,
342, 유니온,000910,C이하,C,B+,C이하,2019,
341, 유니온머티리얼,047400,C이하,B,B,C이하,2019,
340, 유니켐,011330,B,B+,C이하,B,2019,
339, 유니퀘스트,077500,B,B+,C이하,C이하,2019,
338, 유성기업,002920,C이하,C,B,B,2019,
337, 유수홀딩스,000700,B,B+,B+,C이하,2019,
336, 유안타증권,003470,B,B,B,C이하,2019,금융회사
335, 유양디앤유,011690,B,B,B,B,2019,
334, 유엔젤,072130,C이하,C,C이하,B,2019,
333, 유유제약,000220,B,B+,C이하,B,2019,
332, 유진기업,023410,C이하,D,C이하,C이하,2019,
331, 유진증권,001200,C이하,B,C이하,C이하,2019,금융회사
330, 유진테크,084370,B,B,B+,C이하,2019,
329, 유한양행,000100,B+,B+,B+,B+,2019,
328, 유화증권,003460,C이하,C이하,C이하,C이하,2019,금융회사
327, 율촌화학,008730,B,B+,B+,C이하,2019,
326, 이건산업,008250,C이하,C,C이하,C이하,2019,
325, 이구산업,025820,B,B,C이하,B,2019,
324, 이노션,214320,B+,B+,B+,C이하,2019,
323, 이녹스첨단소재,272290,C이하,B,C이하,C이하,2019,
322, 이니텍,053350,B,B,B,C이하,2019,
321, 이마트,139480,B+,B+,A,B+,2019,
320, 이베스트투자증권,078020,B,B,B,C이하,2019,금융회사
319, 이수페타시스,007660,B,C,B+,B+,2019,
318, 이수화학,005950,B,B,B,B,2019,
317, 이스타코,015020,C이하,C,C이하,C이하,2019,
316, 이아이디,093230,C이하,C,C이하,C이하,2019,
315, 이연제약,102460,B,B+,B,C이하,2019,
314, 이오테크닉스,039030,C이하,C,B,B,2019,
313, 이월드,084680,C이하,C,C이하,C이하,2019,
312, 이테크건설,016250,B,B,B,B,2019,
311, 이화산업,000760,C이하,C,C이하,C이하,2019,
310, 인디에프,014990,C이하,C,B,C이하,2019,
309, 인바디,041830,C이하,B,C이하,C이하,2019,
308, 인스코비,006490,C이하,C,B,B,2019,
307, 인지컨트롤스,023800,C이하,C,B,B,2019,
306, 인천도시가스,034590,B,B+,B,C이하,2019,
305, 인터지스,129260,B+,B+,B+,B,2019,
304, 인터플렉스,051370,C이하,C,B,B,2019,
303, 인트론바이오,048530,B,B,C이하,B,2019,
302, 인팩,023810,C이하,B,B,C이하,2019,
301, 일동제약,249420,B+,A,A,C이하,2019,
300, 일동홀딩스,000230,B+,B+,A,C이하,2019,
299, 일성건설,013360,C이하,C,C이하,B,2019,
298, 일성신약,003120,B,B,B,C이하,2019,
297, 일신방직,003200,C이하,B+,C이하,C이하,2019,
296, 일신석재,007110,C이하,C,C이하,C이하,2019,
295, 일양약품,007570,B,B,B,C이하,2019,
294, 일정실업,008500,C이하,C,C이하,B,2019,
293, 일진다이아,081000,C이하,B,B,C이하,2019,
292, 일진디스플,020760,B,B,C이하,B,2019,
291, 일진머티리얼즈,020150,B,B,B,B,2019,
290, 일진전기,103590,C이하,B,C이하,B,2019,
289, 일진홀딩스,015860,C이하,B,C이하,C이하,2019,
288, 잇츠한불,226320,B,B,B,B,2019,
287, 자화전자,033240,B,B,B,B,2019,
286, 전방,000950,C이하,C,B,C이하,2019,
285, 전북은행,006350,,A,,,2019,금융회사
284, 제낙스,065620,C이하,D,C이하,C이하,2019,
283, 제넥신,095700,C이하,B,B,C이하,2019,
282, 제이비우리캐피탈,818905,,A,,,2019,금융회사
281, 제이에스코퍼레이션,194370,C이하,B+,C이하,C이하,2019,
280, 제이준코스메틱,025620,C이하,B,C이하,C이하,2019,
279, 제이콘텐트리,036420,C이하,C,B,C이하,2019,
278, 제일기획,030000,B,B+,B+,C이하,2019,
277, 제일약품,271980,C이하,B,B,C이하,2019,
276, 제일연마,001560,C이하,B+,C이하,C이하,2019,
275, 제일파마홀딩스,002620,B,B,B,C이하,2019,
274, 제주은행,006220,B+,B+,B+,C이하,2019,금융회사
273, 제주항공,089590,B,B+,B,C이하,2019,
272, 조광페인트,004910,C이하,B,B,C이하,2019,
271, 조광피혁,004700,B,B,B,B,2019,
270, 조비,001550,C이하,C,B,C이하,2019,
269, 조선내화,000480,B,B,B,B,2019,
268, 조선선재,120030,C이하,B,C이하,C이하,2019,
267, 조일알미늄,018470,C이하,C,C이하,B,2019,
266, 조흥,002600,B,B,C이하,B,2019,
265, 종근당,185750,B,B,B+,C이하,2019,
264, 종근당바이오,063160,C이하,C,B,B,2019,
263, 종근당홀딩스,001630,B,B,B+,C이하,2019,
262, 주성엔지니어링,036930,B+,B+,B+,B+,2019,
261, 주연테크,044380,C이하,C,B,C이하,2019,
260, 지니뮤직,043610,B,B,B,C이하,2019,
259, 지엠비코리아,013870,C이하,B,C이하,C이하,2019,
258, 지역난방공사,071320,B+,B,A,B+,2019,
257, 지코,010580,C이하,B,C이하,C이하,2019,
256, 지투알,035000,B,B+,B+,C이하,2019,
255, 지트리비앤티,115450,C이하,B,C이하,C이하,2019,
254, 진도,088790,C이하,C,C이하,C이하,2019,
253, 진양산업,003780,C이하,B,C이하,C이하,2019,
252, 진양폴리우레탄,010640,C이하,C,C이하,C이하,2019,
251, 진양홀딩스,100250,B,B+,C이하,C이하,2019,
250, 진양화학,051630,C이하,C,C이하,C이하,2019,
249, 진에어,272450,B,B+,C이하,C이하,2019,
248, 진원생명과학,011000,C이하,C,C이하,C이하,2019,
247, 진흥기업,002780,B,B,B,B,2019,
246, 차바이오텍,085660,C이하,C,B,C이하,2019,
245, 참엔지니어링,009310,C이하,D,B,B,2019,
244, 천일고속,000650,B,B+,B,C이하,2019,
243, 청호컴넷,012600,B,B,C이하,B,2019,
242, 체시스,033250,C이하,B,B,C이하,2019,
241, 카카오,035720,B,B+,B+,C이하,2019,
240, 카프로,006380,B,B,B,B,2019,
239, 컨버즈,109070,C이하,D,C이하,C이하,2019,
238, 컴투스,078340,B,B,B,C이하,2019,
237, 케어젠,214370,C이하,B,C이하,C이하,2019,
236, 케이디비생명보험,807958,,B,,,2019,금융회사
235, 케이뱅크은행,800172,,A,,,2019,금융회사
234, 케이비아이동국실업,001620,C이하,C,C이하,B,2019,
233, 케이씨,029460,B,B,B+,B,2019,
232, 케이씨씨,002380,B,C,A,B+,2019,
231, 케이씨텍,281820,B,B,B+,B,2019,
230, 케이씨티시,009070,B,B,B+,B,2019,
229, 케이티,030200,B+,B+,B,A,2019,
228, 케이티스카이라이프,053210,B+,B+,B+,C이하,2019,
227, 케이티앤지,033780,A+,A+,A+,B+,2019,
226, 코리아써키트,007810,C이하,C,B,B,2019,
225, 코리아오토글라스,152330,B,B,C이하,B,2019,
224, 코리안리,003690,B,B+,B,C이하,2019,금융회사
223, 코미팜,041960,C이하,B,C이하,C이하,2019,
222, 코스맥스,192820,B,B,B,B,2019,
221, 코스맥스비티아이,044820,B,B+,B,C이하,2019,
220, 코스맥스엔비티,222040,C이하,B,B,C이하,2019,
219, 코스모신소재,005070,B+,B+,B,B+,2019,
218, 코스모화학,005420,C이하,C,C이하,B,2019,
217, 코아스,071950,B,B,C이하,B,2019,
216, 코오롱,002020,C이하,C,B,C이하,2019,
215, 코오롱글로벌,003070,B,B+,B,C이하,2019,
214, 코오롱머티리얼,144620,C이하,B,B,C이하,2019,
213, 코오롱생명과학,102940,C이하,D,C이하,C이하,2019,
212, 코오롱인더,120110,B+,B+,B+,B+,2019,
211, 코오롱플라스틱,138490,B+,B+,B+,B+,2019,
210, 코웰패션,033290,C이하,C,B,C이하,2019,
209, 콜마비앤에이치,200130,C이하,B+,C이하,C이하,2019,
208, 콤텍시스템,031820,C이하,C,B,C이하,2019,
207, 쿠쿠홀딩스,192400,C이하,B,C이하,C이하,2019,
206, 큐로,015590,B,B,C이하,B,2019,
205, 크라운제과,264900,B,B,B+,C이하,2019,
204, 크라운해태홀딩스,005740,B,B,B+,C이하,2019,
203, 크리스탈,083790,C이하,B+,C이하,C이하,2019,
202, 클리오,237880,C이하,B+,C이하,C이하,2019,
201, 키다리스튜디오,020120,B,B,B,B,2019,
200, 키움증권,039490,B,B,B,C이하,2019,금융회사
199, 키위미디어그룹,012170,C이하,C,B,C이하,2019,
198, 태경산업,015890,C이하,B,C이하,C이하,2019,
197, 태경화학,006890,C이하,C,C이하,C이하,2019,
196, 태광산업,003240,C이하,C,B+,C이하,2019,
195, 태림포장,011280,C이하,C,C이하,B,2019,
194, 태양금속공업,004100,B,B,B,B+,2019,
193, 태영건설,009410,B,B+,B,C이하,2019,
192, 태원물산,001420,C이하,B,C이하,C이하,2019,
191, 태평양물산,007980,C이하,B,B+,C이하,2019,
190, 테스,095610,C이하,B,B,C이하,2019,
189, 테이팩스,055490,C이하,C,B,C이하,2019,
188, 텔코웨어,078000,C이하,B,C이하,C이하,2019,
187, 텔콘RF제약,200230,C이하,C,C이하,C이하,2019,
186, 토니모리,214420,C이하,B+,C이하,C이하,2019,
185, 톱텍,108230,C이하,C,C이하,C이하,2019,
184, 티비에이치글로벌,084870,B,B,B+,C이하,2019,
183, 티씨케이,064760,C이하,C,B,C이하,2019,
182, 티에이치엔,019180,C이하,B,B,C이하,2019,
181, 티웨이홀딩스,004870,C이하,D,B,C이하,2019,
180, 티케이케미칼,104480,C이하,C,B,B,2019,
179, 파라다이스,034230,B,B,B,C이하,2019,
178, 파마리서치프로덕트,214450,C이하,B,B,C이하,2019,
177, 파미셀,005690,B,B,C이하,B,2019,
176, 파트론,091700,B,B,B+,C이하,2019,
175, 팜스코,036580,B,B+,B,C이하,2019,
174, 팬오션,028670,B,B+,C이하,B,2019,
173, 퍼스텍,010820,B,B,B,B,2019,
172, 퍼시스,016800,B,B,B,B,2019,
171, 펄어비스,263750,C이하,B,C이하,C이하,2019,
170, 페이퍼코리아,001020,C이하,C,B,B,2019,
169, 펩트론,087010,B,B+,B,C이하,2019,
168, 평화산업,090080,B,B,B,B,2019,
167, 평화홀딩스,010770,B,B,B,C이하,2019,
166, 포스코,005490,A,A+,B+,B,2019,
165, 포스코 ICT,022100,B,B,B+,B,2019,
164, 포스코강판,058430,B+,B+,A,B+,2019,
163, 포스코엠텍,009520,B+,B+,A,B,2019,
162, 포스코인터내셔널,047050,A+,A+,A+,A,2019,
161, 포스코케미칼,003670,B+,B+,B+,B,2019,
160, 푸르덴셜생명보험,839185,,B+,,,2019,금융회사
159, 푸본현대생명보험,860086,,B+,,,2019,금융회사
158, 풀무원,017810,A+,A+,A+,A,2019,
157, 풍산,103140,B+,B+,B+,B+,2019,
156, 풍산홀딩스,005810,B+,B+,B+,B,2019,
155, 피에스케이홀딩스,031980,C이하,C,B,C이하,2019,
154, 필룩스,033180,B,B,B,B,2019,
153, 하나금융지주,086790,A,A,A,A,2019,금융회사
152, 하나금융투자,805992,,B+,,,2019,금융회사
151, 하나은행,004940,,B,,,2019,금융회사
150, 하나카드,856659,,B+,,,2019,금융회사
149, 하나캐피탈,809337,,B+,,,2019,금융회사
148, 하나투어,039130,B,B,B,C이하,2019,
147, 하림,136480,B,B+,B+,C이하,2019,
146, 하림지주,003380,B,B+,B,C이하,2019,
145, 하이스틸,071090,C이하,C,C이하,C이하,2019,
144, 하이투자증권,814270,,A,,,2019,금융회사
143, 하이트론씨스템즈,019490,C이하,B,C이하,C이하,2019,
142, 하이트진로,000080,B,B,B+,B,2019,
141, 하이트진로홀딩스,000140,B,B,B+,C이하,2019,
140, 한국가스공사,036460,A,B+,A+,B+,2019,
139, 한국공항,005430,B,B,B,C이하,2019,
138, 한국금융지주,071050,B,B+,B+,C이하,2019,금융회사
137, 한국내화,010040,C이하,D,C이하,C이하,2019,
136, 한국단자공업,025540,C이하,C,C이하,C이하,2019,
135, 한국석유공업,004090,C이하,B,B,C이하,2019,
134, 한국수출포장공업,002200,C이하,C,C이하,B+,2019,
133, 한국쉘석유,002960,C이하,B+,C이하,C이하,2019,
132, 한국스탠다드차타드은행,000110,,A+,,,2019,금융회사
131, 한국자산신탁,123890,C이하,C이하,C이하,C이하,2019,금융회사
130, 한국전력공사,015760,B+,B+,B+,B,2019,
129, 한국전자홀딩스,006200,B,B,B,C이하,2019,
128, 한국정보통신,025770,C이하,B,C이하,C이하,2019,
127, 한국제지,002300,B+,B,B+,B+,2019,
126, 한국종합기술,023350,B,B+,C이하,B,2019,
125, 한국주강,025890,C이하,C,C이하,C이하,2019,
124, 한국주철관공업,000970,C이하,B,C이하,C이하,2019,
123, 한국철강,104700,B,B+,C이하,B+,2019,
122, 한국카본,017960,B,B,B,B,2019,
121, 한국카카오은행,800197,,B+,,,2019,금융회사
120, 한국캐피탈,023760,C이하,C이하,C이하,C이하,2019,금융회사
119, 한국콜마,161890,B,B,B,B,2019,
118, 한국콜마홀딩스,024720,B+,B+,B,B,2019,
117, 한국타이어,161390,B+,B,A+,A,2019,
116, 한국테크놀로지그룹,000240,B+,B,A+,B+,2019,
115, 한국토지신탁,034830,C이하,C이하,C이하,C이하,2019,금융회사
114, 한국투자증권,804504,,B,,,2019,금융회사
113, 한국프랜지공업,010100,C이하,C,B,B,2019,
112, 한국항공우주,047810,A,A,A+,B+,2019,
111, 한국화장품,123690,B,B,B,C이하,2019,
110, 한국화장품제조,003350,C이하,C,B,C이하,2019,
109, 한농화성,011500,B,B,C이하,B,2019,
108, 한독,002390,B+,B+,B+,B+,2019,
107, 한라,014790,B,B,B,B,2019,
106, 한라홀딩스,060980,B+,B+,B+,B,2019,
105, 한미글로벌,053690,B+,B+,B,B,2019,
104, 한미반도체,042700,C이하,B,C이하,C이하,2019,
103, 한미사이언스,008930,C이하,D,A,B,2019,
102, 한미약품,128940,B+,B,A+,B+,2019,
101, 한샘,009240,B+,B+,B+,B,2019,
100, 한섬,020000,B,B+,A,C이하,2019,
99, 한성기업,003680,C이하,C,B,C이하,2019,
98, 한세실업,105630,B,B+,B,C이하,2019,
97, 한세엠케이,069640,C이하,B+,C이하,C이하,2019,
96, 한세예스24홀딩스,016450,B,B,B,C이하,2019,
95, 한솔로지스틱스,009180,B+,A,B+,B,2019,
94, 한솔시큐어,070300,B,B+,B,C이하,2019,
93, 한솔씨앤피,221610,C이하,C,C이하,B,2019,
92, 한솔인티큐브,070590,B,B,B,B,2019,
91, 한솔제지,213500,A,A,A,A,2019,
90, 한솔케미칼,014680,C이하,C,B,B,2019,
89, 한솔테크닉스,004710,B+,A,B+,B,2019,
88, 한솔피엔에스,010420,B,B+,B+,C이하,2019,
87, 한솔홀딩스,004150,B+,A,B+,B,2019,
86, 한솔홈데코,025750,A,A,B+,B+,2019,
85, 한신공영,004960,C이하,B,C이하,C이하,2019,
84, 한신기계공업,011700,B,B,C이하,B,2019,
83, 한양증권,001750,C이하,C이하,B+,C이하,2019,금융회사
82, 한온시스템,018880,B+,B+,B+,B+,2019,
81, 한올바이오파마,009420,B,B+,B+,C이하,2019,
80, 한익스프레스,014130,B,B,B,B,2019,
79, 한일철강,002220,C이하,C,C이하,C이하,2019,
78, 한일현대시멘트,006390,B,B,B,B,2019,
77, 한일홀딩스,003300,C이하,B,B+,C이하,2019,
76, 한전KPS,051600,B+,B+,B+,B+,2019,
75, 한전기술,052690,B+,B+,A,B+,2019,
74, 한전산업,130660,B,B,B+,B+,2019,
73, 한진,002320,B,B,B,B,2019,
72, 한진중공업,097230,C이하,B,C이하,C이하,2019,
71, 한진중공업홀딩스,003480,C이하,B,C이하,C이하,2019,
70, 한진칼,180640,C이하,C,A,B,2019,
69, 한창,005110,C이하,D,C이하,C이하,2019,
68, 한창제지,009460,C이하,D,B,B,2019,
67, 한화,000880,B+,A,B+,B,2019,
66, 한화갤러리아타임월드,027390,B+,B+,A,B+,2019,
65, 한화생명,088350,B+,B,A,B+,2019,금융회사
64, 한화손해보험,000370,B+,B+,A,C이하,2019,금융회사
63, 한화에어로스페이스,012450,B+,A,B+,B+,2019,
62, 한화케미칼,009830,B,B+,A,C이하,2019,
61, 한화투자증권,003530,B,B,A,C이하,2019,금융회사
60, 해성디에스,195870,A,A,A,A,2019,
59, 해태제과식품,101530,B,B+,B+,C이하,2019,
58, 핸즈코퍼레이션,143210,B,B+,B,B,2019,
57, 헬릭스미스,084990,C이하,B,C이하,C이하,2019,
56, 현대건설,000720,A,B+,A,A,2019,
55, 현대건설기계,267270,B+,A,B+,C이하,2019,
54, 현대그린푸드,005440,A,A,A,B,2019,
53, 현대글로비스,086280,A,A,A,A,2019,
52, 현대로템,064350,B+,B+,A,B,2019,
51, 현대리바트,079430,A,A,A,B,2019,
50, 현대모비스,012330,A,B+,A+,A,2019,
49, 현대미포조선,010620,B+,B,A,B,2019,
48, 현대백화점,069960,A,A,A+,B,2019,
47, 현대비앤지스틸,004560,B+,B,A,B+,2019,
46, 현대상선,011200,B+,B+,B+,B+,2019,
45, 현대약품,004310,B,B,B+,B,2019,
44, 현대에이치씨엔,126560,B+,B+,A,C이하,2019,
43, 현대엘리베이터,017800,B+,B+,B+,B+,2019,
42, 현대위아,011210,B+,B+,A,B,2019,
41, 현대일렉트릭,267260,B+,B+,A,B,2019,
40, 현대자동차,005380,B+,B,A,A,2019,
39, 현대제철,004020,B+,B+,A,B+,2019,
38, 현대종합상사,011760,B,B+,C이하,C이하,2019,
37, 현대중공업,009540,A,A,B+,A,2019,
36, 현대중공업지주,267250,A,B+,A+,B+,2019,
35, 현대차증권,001500,B+,B+,A,C이하,2019,금융회사
34, 현대카드,815419,,A,,,2019,금융회사
33, 현대캐피탈,836248,,A+,,,2019,금융회사
32, 현대커머셜,888975,,A,,,2019,금융회사
31, 현대코퍼레이션홀딩스,227840,C이하,B,C이하,C이하,2019,
30, 현대해상,001450,A,A,A+,A,2019,금융회사
29, 현대홈쇼핑,057050,A,A,A,B,2019,
28, 형지엘리트,093240,C이하,C,B,C이하,2019,
27, 혜인,003010,C이하,C,B,B,2019,
26, 호전실업,111110,B,B+,B,C이하,2019,
25, 호텔신라,008770,A,A,A,A,2019,
24, 화성산업,002460,B,B+,B,C이하,2019,
23, 화승알앤에이,013520,B+,B+,B+,B+,2019,
22, 화승엔터프라이즈,241590,B,B+,B,C이하,2019,
21, 화승인더스트리,006060,B,B+,B,B,2019,
20, 화신,010690,C이하,C,B,C이하,2019,
19, 화인베스틸,133820,B,B+,C이하,B,2019,
18, 화천기계,010660,C이하,C,C이하,B,2019,
17, 화천기공,000850,C이하,B,B,C이하,2019,
16, 환인제약,016580,B,B+,B,C이하,2019,
15, 황금에스티,032560,C이하,C,C이하,C이하,2019,
14, 효성,004800,C이하,D,B,B,2019,
13, 효성 ITX,094280,B,B,B+,C이하,2019,
12, 후성,093370,B,B,C이하,B,2019,
11, 휠라코리아,081660,C이하,C,B,C이하,2019,
10, 휴니드테크놀러지스,005870,B,B+,B,C이하,2019,
9, 휴비스,079980,B,B,B,B,2019,
8, 휴스틸,005010,B,B,C이하,B,2019,
7, 휴온스,243070,B,B,B+,C이하,2019,
6, 휴온스글로벌,084110,B,B+,B+,C이하,2019,
5, 휴젤,145020,C이하,B,C이하,C이하,2019,
4, 휴켐스,069260,B,B,B+,B,2019,
3, 흥국생명보험,818586,,C이하,,,2019,금융회사
2, 흥국화재,000540,B,B,B,C이하,2019,금융회사
1, 흥아해운,003280,C이하,B,C이하,C이하,2019,
